{
  "best_model": "Gradient Boosting",
  "bootstrap_auc_mean": 0.9969033913911134,
  "bootstrap_ci_lower": 0.9944498238770905,
  "bootstrap_ci_upper": 0.9990757016718461,
  "models": {
    "Logistic Regression": {
      "accuracy": 0.956,
      "precision": 0.8962264150943396,
      "recall": 0.7421875,
      "f1": 0.811965811965812,
      "roc_auc": 0.9689560636467889,
      "cv_f1_mean": 0.78295523654722,
      "cv_f1_std": 0.03110510143053773
    },
    "Decision Tree": {
      "accuracy": 0.979,
      "precision": 0.9212598425196851,
      "recall": 0.9140625,
      "f1": 0.9176470588235294,
      "roc_auc": 0.981543864678899,
      "cv_f1_mean": 0.8873268033699067,
      "cv_f1_std": 0.02507765816946282
    },
    "Random Forest": {
      "accuracy": 0.985,
      "precision": 0.9448818897637795,
      "recall": 0.9375,
      "f1": 0.9411764705882353,
      "roc_auc": 0.9955427537270642,
      "cv_f1_mean": 0.9028463223669771,
      "cv_f1_std": 0.013605175185595474
    },
    "Gradient Boosting": {
      "accuracy": 0.984,
      "precision": 0.9307692307692308,
      "recall": 0.9453125,
      "f1": 0.937984496124031,
      "roc_auc": 0.9971554257454129,
      "cv_f1_mean": 0.8986631664380228,
      "cv_f1_std": 0.011938029243683226
    },
    "SVM": {
      "accuracy": 0.95,
      "precision": 0.89,
      "recall": 0.6953125,
      "f1": 0.7807017543859649,
      "roc_auc": 0.9728085579128439,
      "cv_f1_mean": 0.7986123082866537,
      "cv_f1_std": 0.028777233524883282
    }
  }
}